id,first_name,last_name,email,gender,ip_address,city
1,Joseph,Zaniolin,jzaniolini0@simplemachines.org,Male,162.162.68.132,Pedro Leopoldo
2,Freida,Drillingco,fdrillingcourt1@umich.edu,Female,97.214.102.74,Buri
3,Nanni,Heritye,nherity2@statcounter.com,Female,145.151.178.98,Claver
4,Orazio,Fraylinge,ofrayling3@economist.com,Male,162.162.68.132,Kungur
5,Julianne,Murrisonz,jmurrison4@cbslocal.com,Female,97.214.102.74,Sainte-Luce-sur-Loire
6,Lucy,Gametz,lgamet5@list-manage.com,Female,162.162.68.132,Pak Phli
7,Dyana,Howattz,dhowatt6@amazon.com,Female,162.162.68.132,Palmares
8,Kassey,Herionr,kherion7@amazon.com,Female,245.51.154.79,Zákynthos
9,Chrissy,Hedworthr,chedworth8@china.com.cn,Male,97.214.102.74,Boevange-sur-Attert
10,Hyatt,Gasquoiner,hgasquoine9@google.ru,Male,221.155.106.39,Złoty Stok
11,Felicdad,Tarry,ftarra@shareasale.com,Female,145.203.98.173,Salamnunggal
12,Andrew,Bathy,abathb@umn.edu,Male,162.162.68.132,El Hermel
13,Lucais,Chastangy,lchastangc@goo.gl,Male,162.162.68.132,Tilburg
14,Car,Ceriey,cceried@yale.edu,Male,162.162.68.132,Shofirkon
15,Alvera,Jeppe,ajeppe@umich.edu,Female,202.150.229.139,New Sibonga
16,Prescott,Caldeiros,pcaldeirof@chronoengine.com,Male,162.162.68.132,Patzicía
17,Nariko,Clunier,nclunieg@utexas.edu,Female,97.214.102.74,Umuarama
18,Kalvin,Roise,kroish@unicef.org,Male,162.162.68.132,Marsh Harbour
19,Isa,Boycotte,iboycotti@dailymail.co.uk,Female,162.162.68.132,Kalix
20,Benedetta,Glanerte,bglanertj@timesonline.co.uk,Female,97.214.102.74,Tianxin